{"name":"ProchePro","short_name":"ProchePro","description":"Trouvez des prestataires de services près de chez vous","start_url":"/","display":"standalone","background_color":"#ffffff","theme_color":"#1E88E5","orientation":"portrait-primary","icons":[{"src":"/icons/icon-72x72.png","sizes":"72x72","type":"image/png","purpose":"maskable any"},{"src":"/icons/icon-96x96.png","sizes":"96x96","type":"image/png","purpose":"maskable any"},{"src":"/icons/icon-128x128.png","sizes":"128x128","type":"image/png","purpose":"maskable any"},{"src":"/icons/icon-144x144.png","sizes":"144x144","type":"image/png","purpose":"maskable any"},{"src":"/icons/icon-152x152.png","sizes":"152x152","type":"image/png","purpose":"maskable any"},{"src":"/icons/icon-192x192.png","sizes":"192x192","type":"image/png","purpose":"maskable any"},{"src":"/icons/icon-384x384.png","sizes":"384x384","type":"image/png","purpose":"maskable any"},{"src":"/icons/icon-512x512.png","sizes":"512x512","type":"image/png","purpose":"maskable any"}],"categories":["business","productivity"],"lang":"fr","dir":"ltr"}